Fold,Avg Precision,Avg Recall,Avg F1,Avg pr time,Avg rec time
fold_1,14.285714285714281,4.329347900776473,6.557172985744414,0.0968066170102074,49.826523133686614
fold_2,19.047619047619044,14.949494949494946,14.153439153439152,0.10025059609186082,44.8200591972896
fold_3,15.87301587301587,7.786124550830434,9.53514739229025,0.12042045593261719,47.04558748290653
fold_4,24.074074074074062,22.9320987654321,17.40617407284074,0.1051469776365492,48.76721432473924
fold_5,15.789473684210524,6.112746902220586,8.542188805346699,0.10662435230455901,48.96384559179607