Fold,Avg Precision,Avg Recall,Avg F1,Avg pr time,Avg rec time
fold_1,61.11111111111111,14.651565754506928,23.35205772899272,0.09548087914784749,13.285706798235575
fold_2,39.999999999999986,6.154761904761905,10.623781676413255,0.08992657661437989,19.36513924598694
fold_3,73.33333333333333,11.829272177098265,20.298724264241503,0.08662023544311523,20.30597357749939
fold_4,40.0,6.815037593984963,11.588999236058061,0.14243993759155274,36.88185081481934
fold_5,53.33333333333333,10.609776188723558,17.609073932603344,0.1741671085357666,48.77302041053772