Fold,Avg Precision,Avg Recall,Avg F1,Avg pr time,Avg rec time
fold_1,48.91304347826087,35.21739130434783,36.107660455486545,0.11567824819813603,74.15030497053395
fold_2,50.0,35.416666666666664,37.65873015873016,0.13457191983858743,63.43690901001295
fold_3,37.608695652173914,25.79710144927536,28.454106280193237,0.12937680534694507,60.01864496521328
fold_4,37.916666666666664,31.25,31.10714285714286,0.1260284662246704,66.7813372015953
fold_5,35.714285714285715,24.285714285714285,26.904761904761905,0.1259806723821731,60.37068888119289
fold_6,30.555555555555557,21.296296296296294,21.90476190476191,0.1259174346923828,57.112304290135704
