Fold,Avg Precision,Avg Recall,Avg F1,Avg pr time,Avg rec time
fold_1,45.65217391304348,54.34782608695652,48.55072463768115,0.11537389133287512,74.16922236525494
fold_2,50.0,58.333333333333336,51.388888888888886,0.13473884264628092,63.461748053630195
fold_3,35.507246376811594,40.57971014492754,37.10144927536232,0.12863768701967987,60.043128542278126
fold_4,40.0,55.0,45.0,0.12567827701568604,66.86580612659455
fold_5,33.333333333333336,38.095238095238095,34.12698412698413,0.12583796183268228,60.39526586305527
fold_6,27.77777777777778,27.77777777777778,25.925925925925927,0.12502815988328722,57.16476061609056
