Fold,Avg Precision,Avg Recall,Avg F1,Avg pr time,Avg rec time
fold_1,29.565217391304348,33.4720231459362,28.787371486312765,0.11441713830699092,74.10733877057615
fold_2,26.5625,31.842798405298407,27.26357995177823,0.1337384283542633,63.43910571932793
fold_3,25.434782608695652,25.364828408306668,24.166694607198043,0.12785505211871603,60.148761002913766
fold_4,28.375,32.099053724053725,28.592383277048107,0.1259284257888794,66.90776560306549
fold_5,23.095238095238095,25.708359101216246,23.176340057145005,0.12555216607593356,60.50114682742527
fold_6,18.88888888888889,21.461640211640216,18.95483492542316,0.12469477123684353,57.26622772216797
