Fold,Avg Precision,Avg Recall,Avg F1,Avg pr time,Avg rec time
fold_1,26.770186335403725,34.192546583850934,27.64444197611515,0.11472154700237772,74.10299012971961
fold_2,24.107142857142858,32.28234728234728,26.06325842200455,0.13415531317392984,63.364059348901115
fold_3,22.79503105590062,25.26781189824668,22.564520125956797,0.12733302945676056,59.95436936876048
fold_4,25.785714285714285,33.98268398268398,27.683660036214217,0.12467797994613647,66.73457655906677
fold_5,21.564625850340132,26.385796742939597,22.639296588876416,0.1250757830483573,60.34463552066258
fold_6,18.09523809523809,22.236467236467238,19.19118723466549,0.12380552291870117,57.11763914426168
