,t-statistic,p-value
Connecting Objects,-1.8392647122744044,0.09902727992530268
Flow Objects,2.492334596538396,0.03429040601936727
Swim Lanes,-0.6377625612407312,0.5395130873718545
Artifacts,-0.46885137565447527,0.6503249000211375
