filename,word_combination,occurrences_dir1,occurrences_dir2,hallucination_ratio
Ex00,event,100,70,0.7
Ex01,event,91,86,0.945054945
Ex02,event,128,77,0.6015625
Ex03,event,278,91,0.327338129
Ex04,event,193,77,0.398963731
Ex05,event,205,95,0.463414634
Ex06,event,110,73,0.663636364
Ex07,event,145,100,0.689655172
Ex08,event,156,81,0.519230769
Ex09,event,178,40,0.224719101
Ex10,event,164,72,0.43902439
