Fold,Avg Precision,Avg Recall,Avg F1,Avg pr time,Avg rec time
fold_1,44.44444444444443,9.248444665300097,12.010032467188266,0.1121444304784139,30.77359558476342
fold_2,44.444444444444436,11.315528804793606,14.510477671872206,0.10774248441060384,24.080277935663858
fold_3,35.55555555555554,4.035370458155238,6.8108334372972354,0.11228005091349284,35.44016928672791
fold_4,37.25490196078431,9.432065486185659,12.554315398942608,0.10680110314313103,27.34395122528076
fold_5,49.999999999999986,12.29512673823417,17.27296236432449,0.10772660800388881,24.3807669707707